{"cameraMode":{"drawMode":0,"name":"Shaded","section":"Shading Mode"},"sceneLighting":true,"audioPlay":false,"sceneViewState":{"showFog":true,"showMaterialUpdate":true,"showSkybox":false,"showFlares":true,"showImageEffects":true,"showParticleSystems":true},"in2DMode":false,"pivot":{"x":-0.7633913159370422,"y":-43.24424743652344,"z":10.523787498474121},"rotation":{"x":-0.6192630529403687,"y":0.004003538750112057,"z":-0.003156354185193777,"w":-0.7851738929748535},"size":634.3565063476563,"orthographic":false}